"Keyword,Currency,Avg. monthly searches,Variation sur trois mois,Variation YoY,Competition,Competition (indexed value),Top of page bid (low range),Top of page bid (high range),Ad impression share,Organic impression share,Organic average position,In account?,In plan?,Searches: Nov 2021,Searches: Dec 2021,Searches: Jan 2022,Searches: Feb 2022,Searches: Mar 2022,Searches: Apr 2022,Searches: May 2022,Searches: Jun 2022,Searches: Jul 2022,Searches: Aug 2022,Searches: Sep 2022,Searches: Oct 2022,Concept: Institution Financière,Concept: Monnaie,Concept: Les Autres,Concept: Non-Marques,Concept: Autres Marques,Concept: Détaillant,,,,,,,,,,,,,,,,,,,,,Non-Brands"
"nft le plus cher,EUR,5000,0%,0%,Faible,2,""0,25"",""3,9"",,,,,,,,,,,,,,,,,,,,,Non-Brands,,,,,,,,,,,,,,,,,,,,,,,"
"nftmarket,EUR,5000,0%,0%,Faible,28,""0,25"",""1,23"",,,,,,,,,,,,,,,,,,,,marketing,Non-Brands,,,,,,,,,,,,,,,,,,,,,,,"
"site nft,EUR,5000,0%,0%,Moyen,38,""0,31"",""0,95"",,,,,,,,,,,,,,,,,,,,,Non-Brands,,,,,,,,,,,,,,,,,,,,,,,"
"facebook metavers,EUR,5000,900%,-90%,Faible,2,""0,28"",""1,18"",,,,,,,,,,,,,,,,,,,,,,facebook,,,,,,,,,,,,,,,,,,,,,,"
"nft prix,EUR,5000,-90%,0%,Faible,32,""0,15"",""1,06"",,,,,,,,,,,,,,,,,,,,,Non-Brands,,,,,,,,,,,,,,,,,,,,,,,"
"nft le plus cher du monde,EUR,5000,0%,0%,Faible,1,""0,28"",""3,89"",,,,,,,,,,,,,,,,,,,,,Non-Brands,,,,,,,,,,,,,,,,,,,,,,,"
"crypto blockchain industries,EUR,5000,0%,0%,Faible,1,""2,05"",""3,82"",,,,,,,,,,,,,,,,,,,bitcoin,,,crypto blockchain industries,,,,,,,,,,,,,,,,,,,,,,"
"le metavers,EUR,5000,900%,0%,Faible,23,""0,1"",""0,48"",,,,,,,,,,,,,,,,,,,,,,facebook,,,,,,,,,,,,,,,,,,,,,,"
"prix nft,EUR,5000,0%,0%,Faible,18,""0,15"",""1,14"",,,,,,,,,,,,,,,,,,,,,Non-Brands,,,,,,,,,,,,,,,,,,,,,,,"
"singe nft,EUR,5000,0%,900%,Faible,2,""1,81"",""4,06"",,,,,,,,,,,,,,,,,,,,,Non-Brands,,,,,,,,,,,,,,,,,,,,,,,"
"nft singe prix,EUR,5000,0%,0%,Faible,1,""0,15"",""0,73"",,,,,,,,,,,,,,,,,,,,,Non-Brands,,,,,,,,,,,,,,,,,,,,,,,"
"la blockchain pour les nuls,EUR,500,0%,0%,Élevé,90,,,,,,,,,,,,,,,,,,,,,,,Non-Brands,,,,,,,,,,,,,,,,,,,,,,,"
"transaction blockchain,EUR,500,0%,0%,Faible,0,""0,85"",""2,59"",,,,,,,,,,,,,,,,,,,bitcoin,,Non-Brands,,,,,,,,,,,,,,,,,,,,,,,"
"crypto sandbox,EUR,500,-90%,-90%,Faible,6,""2,06"",""5,15"",,,,,,,,,,,,,,,,,,,,,Non-Brands,,,,,,,,,,,,,,,,,,,,,,,"
"dolce gabbana nft,EUR,500,0%,-90%,Faible,0,,,,,,,,,,,,,,,,,,,,,,,Non-Brands,,,,,,,,,,,,,,,,,,,,,,,"
"aleph zero crypto,EUR,500,0%,-90%,Faible,0,,,,,,,,,,,,,,,,,,,,,,,Non-Brands,,,,,,,,,,,,,,,,,,,,,,,"
"crypto ecologique,EUR,500,0%,0%,Faible,1,,,,,,,,,,,,,,,,,,,,,bitcoin,,Non-Brands,,,,,,,,,,,,,,,,,,,,,,,"
"blockchain immobilier,EUR,500,900%,0%,Faible,4,,,,,,,,,,,,,,,,,,,,,bitcoin,,Non-Brands,,,,,,,,,,,,,,,,,,,,,,,"
"psg nft,EUR,500,0%,0%,Faible,3,,,,,,,,,,,,,,,,,,,,,,,,psg,,,,,,,,,,,,,,,,,,,,,,"
"miner blockchain,EUR,500,0%,-90%,Faible,8,""0,71"",""2,33"",,,,,,,,,,,,,,,,,,,bitcoin,,Non-Brands,,,,,,,,,,,,,,,,,,,,,,,"
"axelar crypto,EUR,500,900%,9900%,Faible,2,""2,69"",""5,35"",,,,,,,,,,,,,,,,,,,,,Non-Brands,,,,,,,,,,,,,,,,,,,,,,,"
"api opensea,EUR,500,0%,-90%,Faible,0,,,,,,,,,,,,,,,,,,,,,,,Non-Brands,,,,,,,,,,,,,,,,,,,,,,,"
"nft psg,EUR,500,-90%,-90%,Faible,4,""0,58"",""2,88"",,,,,,,,,,,,,,,,,,,,,,psg,,,,,,,,,,,,,,,,,,,,,,"
"blockchain et cryptomonnaie,EUR,500,0%,0%,Élevé,73,,,,,,,,,,,,,,,,,,,,,""bitcoin, cryptomonnaie"",,Non-Brands,,,,,,,,,,,,,,,,,,,,,,,"
"blockchain xdev,EUR,500,0%,0%,Faible,0,,,,,,,,,,,,,,,,,,,,,,,,blockchain xdev,,,,,,,,,,,,,,,,,,,,,,"
"arianee crypto,EUR,500,0%,-90%,Faible,1,,,,,,,,,,,,,,,,,,,,,,,,arianee,,,,,,,,,,,,,,,,,,,,,,"
"crypto web 3.0,EUR,500,0%,900%,Faible,5,""0,29"",""3,33"",,,,,,,,,,,,,,,,,,,,,Non-Brands,,,,,,,,,,,,,,,,,,,,,,,"
"nft foot,EUR,500,0%,0%,Faible,13,""0,98"",""2,38"",,,,,,,,,,,,,,,,,,,,,Non-Brands,,,,,,,,,,,,,,,,,,,,,,,"
"blockchain terra,EUR,500,0%,0%,Faible,1,,,,,,,,,,,,,,,,,,,,,,,Non-Brands,,,,,,,,,,,,,,,,,,,,,,,"
"developer blockchain,EUR,500,0%,0%,Moyen,44,""1,74"",""10,84"",,,,,,,,,,,,,,,,,,,,,Non-Brands,,,,,,,,,,,,,,,,,,,,,,,"
"le nft,EUR,500,0%,-90%,Faible,13,""0,16"",""1,1"",,,,,,,,,,,,,,,,,,,,,Non-Brands,,,,,,,,,,,,,,,,,,,,,,,"
"axelar coin,EUR,500,0%,0%,Faible,1,,,,,,,,,,,,,,,,,,,,,,,Non-Brands,,,,,,,,,,,,,,,,,,,,,,,"
"art numérique nft,EUR,500,900%,0%,Faible,23,""0,07"",""1,9"",,,,,,,,,,,,,,,,,,,,,Non-Brands,,,,,,,,,,,,,,,,,,,,,,,"
"non fungible token traduction,EUR,500,0%,900%,Faible,0,,,,,,,,,,,,,,,,,,,,,,,Non-Brands,,,,,,,,,,,,,,,,,,,,,,,"
"les blockchains,EUR,500,0%,0%,Faible,4,""0,63"",""2,62"",,,,,,,,,,,,,,,,,,,,,Non-Brands,,,,,,,,,,,,,,,,,,,,,,,"
"nft pour les nuls,EUR,500,0%,0%,Élevé,77,""0,13"",""0,92"",,,,,,,,,,,,,,,,,,,,,Non-Brands,,,,,,,,,,,,,,,,,,,,,,,"
"crypto luna terra,EUR,500,0%,0%,Faible,2,,,,,,,,,,,,,,,,,,,,,,,Non-Brands,,,,,,,,,,,,,,,,,,,,,,,"
"nft traduction,EUR,500,0%,0%,Faible,1,,,,,,,,,,,,,,,,,,,,,,,Non-Brands,,,,,,,,,,,,,,,,,,,,,,,"
"blockchain avalanche,EUR,500,0%,-90%,Faible,0,,,,,,,,,,,,,,,,,,,,,bitcoin,,Non-Brands,,,,,,,,,,,,,,,,,,,,,,,"
"blockchain cosmos,EUR,500,0%,0%,Faible,0,,,,,,,,,,,,,,,,,,,,,,,Non-Brands,,,,,,,,,,,,,,,,,,,,,,,"
"nft art définition,EUR,500,0%,-90%,Faible,12,""0,03"",""1,07"",,,,,,,,,,,,,,,,,,,,,Non-Brands,,,,,,,,,,,,,,,,,,,,,,,"
"nft morning,EUR,500,0%,0%,Faible,0,,,,,,,,,,,,,,,,,,,,,,,Non-Brands,,,,,,,,,,,,,,,,,,,,,,,"
"alyra blockchain,EUR,500,0%,900%,Faible,0,,,,,,,,,,,,,,,,,,,,,,,Non-Brands,,,,,,,,,,,,,,,,,,,,,,,"
"un nft,EUR,500,0%,0%,Faible,6,""0,25"",""0,79"",,,,,,,,,,,,,,,,,,,,,Non-Brands,,,,,,,,,,,,,,,,,,,,,,,"
"site de nft,EUR,500,0%,-90%,Moyen,37,""0,3"",""0,93"",,,,,,,,,,,,,,,,,,,,,Non-Brands,,,,,,,,,,,,,,,,,,,,,,,"
"blockchaingame,EUR,500,0%,0%,Faible,4,""0,3"",""1,59"",,,,,,,,,,,,,,,,,,,,,Non-Brands,,,,,,,,,,,,,,,,,,,,,,,"
"blockchain schéma,EUR,500,900%,0%,Faible,0,,,,,,,,,,,,,,,,,,,,,,,Non-Brands,,,,,,,,,,,,,,,,,,,,,,,"
"schéma blockchain,EUR,500,0%,0%,Faible,0,,,,,,,,,,,,,,,,,,,,,,,Non-Brands,,,,,,,,,,,,,,,,,,,,,,,"
"use case blockchain,EUR,500,0%,0%,Faible,0,,,,,,,,,,,,,,,,,,,,,,,Non-Brands,,,,,,,,,,,,,,,,,,,,,,,"
"nft plus cher,EUR,500,0%,-90%,Faible,1,,,,,,,,,,,,,,,,,,,,,,,Non-Brands,,,,,,,,,,,,,,,,,,,,,,,"
"art virtuel nft,EUR,500,0%,-90%,Faible,20,""0,05"",""0,64"",,,,,,,,,,,,,,,,,,,,,Non-Brands,,,,,,,,,,,,,,,,,,,,,,,"
"holoride token,EUR,500,0%,0%,Faible,0,,,,,,,,,,,,,,,,,,,,,,,Non-Brands,,,,,,,,,,,,,,,,,,,,,,,"
"orlinski nft,EUR,500,0%,-90%,Moyen,44,,,,,,,,,,,,,,,,,,,,,,orlinski,,binance,,,,,,,,,,,,,,,,,,,,,,"
"nft arnaque,EUR,500,0%,0%,Faible,2,,,,,,,,,,,,,,,,,,,,,,,Non-Brands,,,,,,,,,,,,,,,,,,,,,,,"
"explication nft,EUR,500,0%,-90%,Faible,17,""0,03"",""0,47"",,,,,,,,,,,,,,,,,,,,,Non-Brands,,,,,,,,,,,,,,,,,,,,,,,"
"nft pas cher,EUR,500,-90%,-90%,Élevé,73,""0,15"",""0,86"",,,,,,,,,,,,,,,,,,,,,Non-Brands,,,,,,,,,,,,,,,,,,,,,,,"
"nft ubisoft,EUR,500,0%,0%,Faible,2,,,,,,,,,,,,,,,,,,,,,,,,ubisoft,,,,,,,,,,,,,,,,,,,,,,"
"nft plus cher du monde,EUR,500,0%,-90%,Faible,2,,,,,,,,,,,,,,,,,,,,,,,Non-Brands,,,,,,,,,,,,,,,,,,,,,,,"
"meilleur nft,EUR,500,0%,-90%,Faible,17,""0,14"",""1,41"",,,,,,,,,,,,,,,,,,,,meilleurs,Non-Brands,,,,,,,,,,,,,,,,,,,,,,,"
"immobilier blockchain,EUR,500,0%,900%,Faible,0,,,,,,,,,,,,,,,,,,,,,,,Non-Brands,,,,,,,,,,,,,,,,,,,,,,,"
"jeu nft crypto,EUR,500,0%,-90%,Faible,10,,,,,,,,,,,,,,,,,,,,,,,Non-Brands,,,,,,,,,,,,,,,,,,,,,,,"
"opensea avis,EUR,500,0%,-90%,Faible,0,,,,,,,,,,,,,,,,,,,,,,,,avis,,,,,,,,,,,,,,,,,,,,,,"
"nft mbappe,EUR,500,0%,0%,Faible,6,""0,26"",""0,45"",,,,,,,,,,,,,,,,,,,,,Non-Brands,,,,,,,,,,,,,,,,,,,,,,,"
"finance décentralisé,EUR,500,0%,0%,Faible,5,""0,15"",""1,04"",,,,,,,,,,,,,,,,,,,,,Non-Brands,,,,,,,,,,,,,,,,,,,,,,,"
"nft avis,EUR,500,0%,-90%,Faible,6,,,,,,,,,,,,,,,,,,,,,,,,avis,,,,,,,,,,,,,,,,,,,,,,"
"dogami nft,EUR,500,900%,0%,Faible,2,""0,88"",""5,89"",,,,,,,,,,,,,,,,,,,,,Non-Brands,,,,,,,,,,,,,,,,,,,,,,,"
"les nfts,EUR,500,0%,-90%,Faible,3,,,,,,,,,,,,,,,,,,,,,,,Non-Brands,,,,,,,,,,,,,,,,,,,,,,,"
"les nft les plus cher,EUR,500,0%,-90%,Faible,10,""0,11"",""1,75"",,,,,,,,,,,,,,,,,,,,,Non-Brands,,,,,,,,,,,,,,,,,,,,,,,"
"nft jeu,EUR,500,0%,-90%,Faible,21,""0,3"",""1,24"",,,,,,,,,,,,,,,,,,,,,Non-Brands,,,,,,,,,,,,,,,,,,,,,,,"
"consulting blockchain,EUR,500,0%,0%,Faible,0,,,,,,,,,,,,,,,,,,,,,bitcoin,,Non-Brands,,,,,,,,,,,,,,,,,,,,,,,"
"la nft,EUR,500,0%,0%,Faible,12,""0,17"",""1,27"",,,,,,,,,,,,,,,,,,,,,Non-Brands,,,,,,,,,,,,,,,,,,,,,,,"
"blockchain cryptomonnaies,EUR,500,0%,0%,Faible,9,""0,46"",""4,81"",,,,,,,,,,,,,,,,,,,""bitcoin, cryptomonnaie"",,Non-Brands,,,,,,,,,,,,,,,,,,,,,,,"
"nft propriété intellectuelle,EUR,500,0%,0%,Faible,6,,,,,,,,,,,,,,,,,,,,,,,Non-Brands,,,,,,,,,,,,,,,,,,,,,,,"
"le nft le plus cher du monde,EUR,500,-90%,-90%,Faible,1,,,,,,,,,,,,,,,,,,,,,,,Non-Brands,,,,,,,,,,,,,,,,,,,,,,,"
"bitcoins blocks,EUR,500,0%,0%,Faible,5,""2,74"",""4,65"",,,,,,,,,,,,,,,,,,,bitcoin,,Non-Brands,,,,,,,,,,,,,,,,,,,,,,,"
"nft joueur de foot,EUR,500,0%,-90%,Faible,11,""0,77"",""1,68"",,,,,,,,,,,,,,,,,,,,,Non-Brands,,,,,,,,,,,,,,,,,,,,,,,"
"les nft pour les nuls,EUR,500,0%,0%,Élevé,85,""0,13"",""0,83"",,,,,,,,,,,,,,,,,,,,,Non-Brands,,,,,,,,,,,,,,,,,,,,,,,"
"nft cher,EUR,500,0%,-90%,Faible,8,""0,16"",""1,12"",,,,,,,,,,,,,,,,,,,,,Non-Brands,,,,,,,,,,,,,,,,,,,,,,,"
"nft art prix,EUR,500,0%,0%,Moyen,51,""0,2"",""2,97"",,,,,,,,,,,,,,,,,,,,,Non-Brands,,,,,,,,,,,,,,,,,,,,,,,"
"blockchain schéma explicatif,EUR,500,0%,-90%,Faible,0,,,,,,,,,,,,,,,,,,,,,,,Non-Brands,,,,,,,,,,,,,,,,,,,,,,,"
"premier nft,EUR,500,0%,0%,Faible,1,,,,,,,,,,,,,,,,,,,,,,,,premier,,,,,,,,,,,,,,,,,,,,,,"
"blockchainphone,EUR,500,-90%,-90%,Moyen,35,,,,,,,,,,,,,,,,,,,,,,,,htc,,,,,,,,,,,,,,,,,,,,,,"
"nft joconde,EUR,500,0%,0%,Faible,1,,,,,,,,,,,,,,,,,,,,,,,Non-Brands,,,,,,,,,,,,,,,,,,,,,,,"
"jeu video nft,EUR,500,0%,-90%,Faible,13,""0,32"",""2,79"",,,,,,,,,,,,,,,,,,,,,Non-Brands,,,,,,,,,,,,,,,,,,,,,,,"
"des nft,EUR,500,0%,0%,Faible,3,,,,,,,,,,,,,,,,,,,,,,,Non-Brands,,,,,,,,,,,,,,,,,,,,,,,"
"nft explications,EUR,500,0%,0%,Faible,22,""0,03"",""0,34"",,,,,,,,,,,,,,,,,,,,,Non-Brands,,,,,,,,,,,,,,,,,,,,,,,"
"société générale crypto,EUR,500,900%,0%,Faible,1,,,,,,,,,,,,,,,,,,,,societe generale,bitcoin,,,,,,,,,,,,,,,,,,,,,,,,,"
"nft jeu video,EUR,500,0%,0%,Faible,6,""0,52"",""2,69"",,,,,,,,,,,,,,,,,,,,,Non-Brands,,,,,,,,,,,,,,,,,,,,,,,"
"nft connu,EUR,500,900%,0%,Faible,1,,,,,,,,,,,,,,,,,,,,,,,Non-Brands,,,,,,,,,,,,,,,,,,,,,,,"
"nft trad,EUR,500,0%,0%,Faible,1,,,,,,,,,,,,,,,,,,,,,,,Non-Brands,,,,,,,,,,,,,,,,,,,,,,,"
"nft site officiel,EUR,500,0%,0%,Faible,25,""0,22"",""0,78"",,,,,,,,,,,,,,,,,,,,,Non-Brands,,,,,,,,,,,,,,,,,,,,,,,"
"la crypto monnais,EUR,500,0%,-90%,Faible,27,""0,45"",""4,47"",,,,,,,,,,,,,,,,,,,""bitcoin, cryptomonnaie"",,Non-Brands,,,,,,,,,,,,,,,,,,,,,,,"
"crypto monnai pi,EUR,500,0%,-90%,Faible,4,""0,77"",""4,25"",,,,,,,,,,,,,,,,,,,""bitcoin, cryptomonnaie"",,Non-Brands,,,,,,,,,,,,,,,,,,,,,,,"
"nft populaire,EUR,500,0%,0%,Faible,8,""0,15"",""0,99"",,,,,,,,,,,,,,,,,,,,,Non-Brands,,,,,,,,,,,,,,,,,,,,,,,"
"jeu play to earn crypto,EUR,500,0%,-90%,Faible,2,,,,,,,,,,,,,,,,,,,,,,crypto games,Non-Brands,,,,,,,,,,,,,,,,,,,,,,,"
"blockchain crypto monnaies,EUR,500,0%,0%,Faible,9,""0,46"",""4,81"",,,,,,,,,,,,,,,,,,,""bitcoin, cryptomonnaie"",,Non-Brands,,,,,,,,,,,,,,,,,,,,,,,"
"jeu nft play to earn,EUR,500,0%,-90%,Moyen,36,""0,42"",""2,7"",,,,,,,,,,,,,,,,,,,,,Non-Brands,,,,,,,,,,,,,,,,,,,,,,,"
"nft gratuit binance,EUR,500,0%,0%,Faible,5,,,,,,,,,,,,,,,,,,,,,,,,binance,,,,,,,,,,,,,,,,,,,,,,                           "
